{
    "root_group": {
        "name": "",
        "path": "",
        "id": "d41d8cd98f00b204e9800998ecf8427e",
        "groups": {},
        "checks": {
                "is status 200": {
                    "name": "is status 200",
                    "path": "::is status 200",
                    "id": "548d37ca5f33793206f7832e7cea54fb",
                    "passes": 15552,
                    "fails": 0
                }
            }
    },
    "metrics": {
        "http_req_tls_handshaking": {
            "avg": 0,
            "min": 0,
            "med": 0,
            "max": 0,
            "p(90)": 0,
            "p(95)": 0
        },
        "http_req_receiving": {
            "avg": 0.0524374054783948,
            "min": 0.011214,
            "med": 0.046162,
            "max": 3.02929,
            "p(90)": 0.06654589999999999,
            "p(95)": 0.07997464999999998
        },
        "data_received": {
            "rate": 14844.326778625313,
            "count": 4463424
        },
        "http_reqs": {
            "rate": 51.72239295688262,
            "count": 15552
        },
        "vus": {
            "value": 1,
            "min": 1,
            "max": 100
        },
        "http_req_waiting": {
            "avg": 1.5368850263631681,
            "min": 0.461355,
            "med": 1.3463185,
            "max": 96.481441,
            "p(90)": 2.0486006999999997,
            "p(95)": 2.340764249999999
        },
        "http_req_failed": {
            "passes": 0,
            "fails": 15552,
            "value": 0
        },
        "vus_max": {
            "min": 100,
            "max": 100,
            "value": 100
        },
        "data_sent": {
            "count": 1461888,
            "rate": 4861.904937946967
        },
        "http_req_duration": {
            "p(95)": 2.416405149999999,
            "avg": 1.6088891105324163,
            "min": 0.505498,
            "med": 1.416901,
            "max": 96.57781,
            "p(90)": 2.1217174,
            "thresholds": {
                "p(95)<500": false
            }
        },
        "http_req_connecting": {
            "p(95)": 0,
            "avg": 0.006159679012345678,
            "min": 0,
            "med": 0,
            "max": 2.910718,
            "p(90)": 0
        },
        "http_req_duration{expected_response:true}": {
            "p(90)": 2.1217174,
            "p(95)": 2.416405149999999,
            "avg": 1.6088891105324163,
            "min": 0.505498,
            "med": 1.416901,
            "max": 96.57781
        },
        "http_req_sending": {
            "avg": 0.019566678690843577,
            "min": 0.005634,
            "med": 0.0152975,
            "max": 2.73547,
            "p(90)": 0.025208699999999997,
            "p(95)": 0.034386549999999974
        },
        "iteration_duration": {
            "p(90)": 1003.0492497,
            "p(95)": 1003.4014351,
            "avg": 1002.3412137783498,
            "min": 1000.643136,
            "med": 1002.163275,
            "max": 1096.907233
        },
        "http_req_blocked": {
            "avg": 0.013721616962448524,
            "min": 0.002673,
            "med": 0.006127499999999999,
            "max": 2.981503,
            "p(90)": 0.008611599999999999,
            "p(95)": 0.013995149999999991
        },
        "checks": {
            "passes": 15552,
            "fails": 0,
            "value": 1
        },
        "iterations": {
            "count": 15552,
            "rate": 51.72239295688262
        }
    }
}