{
    "metrics": {
        "vus": {
            "value": 1,
            "min": 1,
            "max": 100
        },
        "http_req_receiving": {
            "min": 0.010936,
            "med": 0.043939,
            "max": 2.180113,
            "p(90)": 0.07265859999999999,
            "p(95)": 0.12253739999999991,
            "avg": 0.05301229941203097
        },
        "http_req_failed": {
            "passes": 0,
            "fails": 15477,
            "value": 0
        },
        "vus_max": {
            "min": 100,
            "max": 100,
            "value": 100
        },
        "data_received": {
            "rate": 14773.388830461972,
            "count": 4441899
        },
        "http_req_connecting": {
            "avg": 0.004930026943206048,
            "min": 0,
            "med": 0,
            "max": 1.909916,
            "p(90)": 0,
            "p(95)": 0
        },
        "iteration_duration": {
            "avg": 1007.4871650980789,
            "min": 1000.491876,
            "med": 1002.110768,
            "max": 1298.332448,
            "p(90)": 1004.3598464,
            "p(95)": 1012.4293418
        },
        "http_req_blocked": {
            "max": 1.991105,
            "p(90)": 0.008117,
            "p(95)": 0.012634799999999963,
            "avg": 0.01215988531369123,
            "min": 0.002699,
            "med": 0.005491
        },
        "http_req_waiting": {
            "min": 0.328902,
            "med": 1.303059,
            "max": 297.432181,
            "p(90)": 3.5801342,
            "p(95)": 11.891140599999943,
            "avg": 6.764743970860002
        },
        "data_sent": {
            "count": 1423884,
            "rate": 4735.720461332758
        },
        "http_reqs": {
            "count": 15477,
            "rate": 51.475222405790845
        },
        "http_req_duration": {
            "avg": 6.837151647476876,
            "min": 0.382371,
            "med": 1.374763,
            "max": 297.584292,
            "p(90)": 3.6449944,
            "p(95)": 11.935129799999947,
            "thresholds": {
                "p(95)<500": false
            }
        },
        "http_req_duration{expected_response:true}": {
            "p(95)": 11.935129799999947,
            "avg": 6.837151647476876,
            "min": 0.382371,
            "med": 1.374763,
            "max": 297.584292,
            "p(90)": 3.6449944
        },
        "iterations": {
            "count": 15477,
            "rate": 51.475222405790845
        },
        "http_req_sending": {
            "avg": 0.019395377204884684,
            "min": 0.005454,
            "med": 0.013756,
            "max": 1.169488,
            "p(90)": 0.0253694,
            "p(95)": 0.03979919999999998
        },
        "http_req_tls_handshaking": {
            "avg": 0,
            "min": 0,
            "med": 0,
            "max": 0,
            "p(90)": 0,
            "p(95)": 0
        },
        "checks": {
            "passes": 15477,
            "fails": 0,
            "value": 1
        }
    },
    "root_group": {
        "name": "",
        "path": "",
        "id": "d41d8cd98f00b204e9800998ecf8427e",
        "groups": {},
        "checks": {
                "is status 200": {
                    "path": "::is status 200",
                    "id": "548d37ca5f33793206f7832e7cea54fb",
                    "passes": 15477,
                    "fails": 0,
                    "name": "is status 200"
                }
            }
    }
}